[
  {
    "value": "right",
    "synonyms": [
      "right"
    ]
  },
  {
    "value": "left",
    "synonyms": [
      "left"
    ]
  },
  {
    "value": "forward",
    "synonyms": [
      "forward",
      "ahead",
      "forwards"
    ]
  },
  {
    "value": "backward",
    "synonyms": [
      "backward",
      "back",
      "backwards"
    ]
  },
  {
    "value": "clockwise",
    "synonyms": [
      "clockwise"
    ]
  },
  {
    "value": "counterclockwise",
    "synonyms": [
      "counterclockwise"
    ]
  }
]